,KreisID,Minijob,Zahnarzt,Krankenhausbetten,Hausarzt_je_EW,Grundsicherung,Soziooekonomische_Lage,Breitband,Baulandpreise,Facharzt,Tanken,Bevoelkerung_Auslaender,Schulabg_Hochschulreife,Wanderungen,GrosseZentren,Nahversorgung,vorschule,Lebenserwartung_maennlich,Wohnflaeche,Lebenserwartung_weiblich,Bevoelkerungspotenzial,Schulabg_ohne,WissensintensiveIndustrien,ALQ_gemittelt,Steuerkraft,BIP,Breitband_Kreise,ambulantePflege,SuV_Anteil,stationaerePflege,Schulden,Pflegegeld,BeschaeftigteOhne,ALQ,Laendlichkeit,Einkuenfte,LuW_Anteil,Thuenen.Typologie,SuV_Veraenderung,BeschaeftigteAkademisch,Bevoelkerungsdichte,Apotheke,Pflegedienst,Ein_Zwei_Fam_Haeuser,Polizei,Bevoelkerung_insgesamt,Breitband_GemVB,Wohnungsleerstand,Hausarzt,Siedlungsdichte,Freiflaeche,Natuerliche_Bev_Entwicklung,Lohn,Grundschule,Krippenkinder,district_name,Weib 10 bis unter 15 Jahre,Weib 15 bis unter 18 Jahre,Weib 18 bis unter 20 Jahre,Weib 20 bis unter 25 Jahre,Weib 25 bis unter 30 Jahre,Weib 3 bis unter 6 Jahre,Weib 30 bis unter 35 Jahre,Weib 35 bis unter 40 Jahre,Weib 40 bis unter 45 Jahre,Weib 45 bis unter 50 Jahre,Weib 50 bis unter 55 Jahre,Weib 55 bis unter 60 Jahre,Weib 6 bis unter 10 Jahre,Weib 60 bis unter 65 Jahre,Weib 65 bis unter 75 Jahre,Weib 75 Jahre und mehr,Weib Insgesamt,Weib unter 3 Jahre,Mann 10 bis unter 15 Jahre,Mann 15 bis unter 18 Jahre,Mann 18 bis unter 20 Jahre,Mann 20 bis unter 25 Jahre,Mann 25 bis unter 30 Jahre,Mann 3 bis unter 6 Jahre,Mann 30 bis unter 35 Jahre,Mann 35 bis unter 40 Jahre,Mann 40 bis unter 45 Jahre,Mann 45 bis unter 50 Jahre,Mann 50 bis unter 55 Jahre,Mann 55 bis unter 60 Jahre,Mann 6 bis unter 10 Jahre,Mann 60 bis unter 65 Jahre,Mann 65 bis unter 75 Jahre,Mann 75 Jahre und mehr,Mann Insgesamt,Mann unter 3 Jahre
1,10041,20.3,3.255,79.9,62.7,47.2,-99,93.2,119.6,7.57762630662021,4.39666666666667,10.6,34.3,3,8.14833333333333,3.60666666666667,95.5,76.8,48.3,81.9,480,5.9,9.9,9.6,619,43400,93.2,20.5,32.2,34,4910.4,45.5,12.6,9.8,-0.3,3259,66.3,5,NA,13.5,793,3.29,5.12666666666667,119.6,4.61666666666667,-0.4,NA,63.3,3.34,2466,70,NA,2610.7,NA,28.2,LK Stadtverband Saarbrücken,6279,3972,3209,9582,10946,3800,10221,9548,8615,10060,13349,13540,5075,12118,19295,23812,167705,4284,6897,4296,3364,10363,12055,4265,11205,10224,8678,9947,13168,13438,5401,11603,17168,15391,162003,4540
2,10042,23.8,6.0675,46.7,53.4,19.6,0.29,84.7,71,12.0816556636391,7.98666666666667,8.4,29.2,2.7,39.175,5.83416666666667,98.7,76.6,55.3,81.9,292,4.4,4.6,5.2,480,26200,84.7,17.6,13.5,35.1,2302.8,47.3,13.6,5.2,0.76,2831,84.4,1,NA,7.5,186,5.74166666666667,7.68333333333333,71,7.61666666666667,-0.6,NA,55,5.515,1375.7,87.4,NA,2247.9,NA,33.1,LK Merzig-Wadern,2144,1437,989,2293,2673,1135,2852,3026,2894,3571,4561,4691,1585,4123,5767,7339,52258,1178,2433,1549,1047,2708,2946,1259,2981,3030,2846,3510,4589,4746,1753,4119,5522,4810,51108,1260
3,10043,22.5,3.10083333333333,54,57.1,28,0.57,90.8,75.7,7.77292402990608,4.2425,6.1,26.6,1.1,19.27,3.47916666666667,92.3,76.7,51.5,81.4,418,6.3,11.9,7.7,489,23900,90.8,18.9,26.4,33,2398,48.1,13,8.2,0.21,3021,71.3,4,NA,8.8,534,3.18833333333333,5.1775,75.7,4.68333333333333,-1.4,NA,61.1,3.06083333333333,2018,75,NA,2263.9,NA,26.5,LK Neunkirchen,2531,1586,1202,3113,3478,1498,3686,3676,3503,4138,5727,6099,2005,5279,7912,10291,67291,1567,2727,1751,1375,3471,3850,1612,3938,3899,3373,4122,5671,6109,2054,5213,7332,6694,64915,1724
4,10044,21.2,3.715,50.1,57.3,22.9,-0.06,95.8,91.9,9.42803411285872,5.89833333333333,7.5,30.7,1.6,24.7591666666667,4.17833333333333,99,77.5,52.9,81.8,379,4.2,15.9,6.1,608,31200,95.8,24.6,23.4,23.9,2141.7,51.4,16.2,6.1,0.37,3050,73.2,4,NA,6.4,426,3.925,5.6475,91.9,5.36666666666667,-0.9,NA,50.8,3.88333333333333,1819.9,77.9,NA,2416.2,NA,24.1,LK Saarlouis,3801,2509,1681,4653,5143,2325,5511,5434,5212,6277,8439,8906,3094,7862,11604,14696,99651,2504,4139,2694,1986,5179,5800,2509,5998,5638,5055,5975,8166,8733,3170,7641,10840,9597,95550,2430
5,10045,18.7,4.12833333333333,100.3,62.7,20.2,-0.49,93.1,93.2,10.8004072098226,5.19166666666667,6.4,36.2,1.9,18.6083333333333,4.56833333333333,98.4,77.8,53.1,82.7,374,4.6,24,5.8,717,37200,93.1,18.9,19.7,28.9,3346.8,52.2,13.9,5.7,0.44,3321,78.4,3,NA,10.5,343,4.335,7.51,93.2,6.53333333333333,-1.1,NA,54.2,4.01,1740,81.3,NA,2637.4,NA,30.2,LK Saar-Pfalz-Kreis,2819,1782,1317,3589,3733,1579,3823,3861,3745,4528,6359,6432,2155,5837,8604,11403,73246,1680,2951,1905,1510,3835,4044,1717,3993,3989,3616,4328,6011,6295,2326,5484,7972,7659,69385,1750
6,10046,24.4,4.67166666666667,26.7,62.3,17.7,0.18,91.8,52.9,11.7369522933368,7.54666666666667,3,33.2,0.1,34.4966666666667,4.63333333333333,97.3,77.5,56.1,82.2,299,4.9,3.7,4.2,565,23100,91.8,25.9,15.6,25.7,3143.3,48.4,12.8,4,0.79,2907,82.1,1,NA,7.5,185,4.42833333333333,7.16166666666667,52.9,5.36666666666667,-1.6,NA,53,4.17333333333333,1185.4,85.4,NA,2117,NA,32.8,LK Sankt Wendel,1766,1068,786,1844,2228,945,2329,2407,2277,2911,3880,4173,1272,3606,5231,6539,44199,937,1748,1212,838,2229,2461,965,2476,2396,2307,2840,3767,4249,1341,3667,5127,4629,43198,946
7,12051,11.4,6.00666666666667,122.9,57.7,17.9,NA,92.3,46.2,12.3254997450871,7.99083333333333,2.5,NA,2.1,1.77333333333333,6.70333333333333,101.2,76,41.2,81.8,210,NA,9.1,13.5,440,28100,92.3,35,22.1,25.3,2765.9,39.7,5.4,12.8,NA,2492,58.3,4,0.5,11.1,309,7.14916666666667,8.57833333333333,46.2,10.45,-0.5,92.3,NA,6.6075,1398,81.3,-4.45,2210.2,5.53333333333333,59.2,SK Brandenburg a.d.Havel,1290,724,494,1242,1729,915,2347,2227,1668,1902,2637,3049,1165,2787,4409,6975,36507,947,1364,743,568,1612,2063,942,2713,2489,2068,2052,2784,3134,1185,2543,3788,4694,35617,875
8,12052,15.6,6.52833333333333,115.5,70.4,17.2,1.4,99,51,9.73794521069297,6.19,4.1,NA,2.7,1.93166666666667,5.75,99.7,76.4,40,81.7,177,NA,0.5,12.1,544,30600,99,35.3,30.2,35.3,2464.3,29.5,5.6,11,0.3,2535,51,4,1.7,16.1,602,6.87666666666667,4.91333333333333,51,11.7833333333333,-0.5,99,98.7,5.035,1994.8,75.5,-3.73,2172.6,4.76666666666667,57.5,SK Cottbus,1887,978,846,2280,2739,1234,3332,2975,2368,2787,3681,4317,1619,3969,6103,8629,51018,1274,1904,1170,872,2623,3337,1351,3951,3413,2642,2855,3671,4164,1727,3475,5114,5595,49201,1337
9,12053,14.9,5.81083333333333,161.7,72.9,21.7,NA,71.6,20,10.2102943571226,6.9125,5.9,NA,-2.8,2.36666666666667,6.79333333333333,104.6,75.4,40,80.9,148,NA,1.8,13.8,502,32800,71.6,18.5,23.9,37.5,2523.6,44,5.4,13.1,NA,2566,71.7,4,1,15.4,390,7.73666666666667,6.92916666666667,20,7.83333333333333,-2.4,71.6,NA,6.99416666666667,1630.4,81.5,-5.18,2191.9,5.81666666666667,61.4,SK Frankfurt (Oder),1113,645,551,1470,1445,665,1771,1586,1526,1593,2100,2678,948,2479,3521,5109,29850,650,1228,668,497,1465,1597,720,1948,1761,1585,1701,2074,2473,929,2342,3092,3203,28023,740
10,12054,13.9,3.86,97.9,62.8,26.5,-99,95.3,237.4,10.3194685143889,7.08166666666667,5,57.8,11,2.11333333333333,4.82333333333333,101.3,79.3,39.1,83.6,837,4.3,0.5,7.7,567,37200,95.3,31.8,30.1,26,499.7,42.2,6.6,7.3,-1.9,2759,55.4,5,1.3,24.1,871,5.85333333333333,7.3,237.4,10.2,4.1,95.3,51.8,4.72833333333333,2896.9,75.5,1.88,2336.1,3.23333333333333,56.6,SK Potsdam,3911,2119,1545,4689,6483,2717,7650,7028,5973,5522,6197,6237,3501,5109,8437,11863,91910,2929,4230,2234,1597,4370,6129,2894,7378,6924,5971,5760,6235,6099,3729,4742,7026,7738,86179,3123
11,12061,11,8.36166666666667,62.1,55,11.6,0.24,66.7,72.7,19.3559212607862,12.74,2.7,42.1,6.1,43.1,7.66166666666667,97,78.2,43.6,83.5,257,6,2.8,7.4,892,32200,66.7,28.9,9.4,22.3,436.3,48.8,6,6.8,0.36,2329,84.2,4,NA,10.5,71,10.5683333333333,10.32,72.7,19.3,1.2,NA,47.2,9.28,757.5,91.3,NA,2202.7,NA,57.4,LK Dahme-Spreewald,3515,2040,1326,2567,3223,2240,4962,5572,4824,5604,7340,7700,3014,6435,9360,13200,85124,2202,3736,2142,1437,3032,3547,2395,5212,5670,5116,5869,7670,8032,3160,6456,8661,9442,83943,2366
12,12062,13.2,6.905,44.3,73.3,7.1,1.83,69.5,10.6,18.9758545146553,9.18666666666667,1,36.4,-6,64.9466666666667,7.43666666666667,99.9,75.8,45.2,82.3,112,8.4,5.5,12.9,377,21400,69.5,38.9,8,18.8,568.4,42.4,3.9,11.4,0.78,1999,87,1,NA,8.1,55,8.06666666666667,8.45333333333333,10.6,14.1833333333333,-3.7,NA,41.7,7.02833333333333,688.5,92.7,NA,1962.4,NA,62.3,LK Elbe-Elster,2084,1191,639,1179,1665,1149,2595,2661,2454,3248,4288,5058,1530,4619,6715,9593,51806,1138,2099,1235,796,1505,1981,1165,3065,3142,2832,3609,4529,5087,1602,4575,6187,6207,50832,1216
13,12063,20.2,8.79166666666667,31,50.8,12.4,1.18,87.2,62.9,19.0323376144889,12.3366666666667,2.2,43.5,7.7,27.62,9.23583333333333,96.2,77.8,44.1,82.1,289,7.5,5.1,9.2,482,18400,87.2,29.7,10.2,21.3,589.8,49,7.7,8.5,0.21,2012,85.4,4,NA,7.8,90,9.55166666666667,8.79666666666667,62.9,14.8833333333333,1.6,NA,74.3,8.1275,878.1,90.5,NA,1804.8,NA,53.4,LK Havelland,3656,2189,1492,2577,3004,2193,4598,5070,4811,5718,7738,7580,2988,5962,8794,11419,81788,1999,3839,2362,1653,3315,3371,2315,4711,5022,4812,5565,7956,7797,3215,6082,8072,7976,80121,2058
14,12064,14.6,7.46916666666667,35.3,54.1,6.3,1.15,76.6,52.4,18.6055794312516,11.855,1.8,34.1,4.5,35.03,7.92,96.6,77.8,44.3,83.3,273,7.9,1.2,10.3,476,18300,76.6,22.9,11.1,21.5,425.1,55.6,5.9,9.1,0.35,2222,85.1,4,NA,9.5,87,8.995,9.91166666666667,52.4,14.5,0.7,NA,50.3,7.38166666666667,783.3,90.7,NA,2010.1,NA,56.3,LK Märkisch-Oderland,4105,2280,1379,2485,3204,2523,5687,6376,5564,6139,8588,9884,3522,8062,10965,14735,97845,2347,4417,2561,1596,2961,3450,2732,5579,6534,6023,6577,8787,10116,3789,8181,10421,10262,96483,2497
15,12065,15.4,8.75,49.9,55.6,11.4,0.56,92,68.3,20.1626530940379,9.19833333333333,2.2,36.5,8.1,44.1533333333333,7.87166666666667,95.8,77.9,42.8,82.4,351,7.4,3.4,9.1,641,25000,92,26.6,10.5,21.1,162,52.3,6.4,8.3,-0.06,2361,82.8,4,NA,13.2,113,9.07,9.65333333333333,68.3,16.1666666666667,1.8,NA,51.6,8.34833333333333,1074.6,90.2,NA,2190.8,NA,55.5,LK Oberhavel,4752,2845,1811,3268,3888,2814,6086,6787,6282,7467,10014,9733,3883,7922,11587,15377,107138,2622,5051,3034,1972,4071,4082,3045,6189,6795,6312,7206,10006,10300,4024,8004,10633,10677,104111,2710
16,12066,12.9,6.70833333333333,46,62,7.2,1.9,80.5,16.4,18.4204235781991,9.11,1.8,30.7,-5,30.9616666666667,7.51833333333333,100,74.9,43.4,81.8,132,9.7,7.8,14.2,450,23000,80.5,24.7,11.5,28.9,570.5,46.4,4.4,12.5,0.29,2275,72.2,4,NA,12.2,92,7.96833333333333,8.15166666666667,16.4,12.7166666666667,-3.4,NA,35.5,7.82166666666667,803.7,89.8,NA,2088.8,NA,59.1,LK Oberspreewald-Lausitz,2056,1162,738,1375,1942,1246,3010,2847,2649,3295,4555,5232,1746,4673,7478,10940,56169,1225,2164,1253,866,1780,2217,1333,3385,3583,3156,3758,4666,5277,1762,4523,6408,6802,54307,1374
17,12067,13.2,8.69166666666667,76.8,59,9.5,1.34,83,39.5,16.5040908990923,10.99,3.1,40.2,3.1,26.545,8.19166666666667,96.4,77.4,43.8,82.9,205,8.7,2,9.7,453,22500,83,25.1,9.6,18.3,1297.9,56.6,4.6,9,0.19,2303,85.3,4,NA,10.2,79,9.76166666666667,10.4216666666667,39.5,17.1166666666667,0,NA,74.5,8.34916666666667,818.7,91.7,NA,2141.6,NA,58.3,LK Oder-Spree,3677,2136,1245,2353,3023,2193,5129,5348,4759,5545,7621,8660,3047,7628,11169,15255,90977,2189,3733,2309,1533,3032,3220,2263,5015,5541,5140,5710,7895,8540,3208,7455,10228,10526,87681,2333
18,12068,12.4,10.8016666666667,119.9,66.7,11.7,1.66,88,32.5,23.9314949154911,13.5466666666667,1.7,36,1.2,68.45,11.4283333333333,99.6,76.1,45,81.9,95,9.2,3.2,11.3,422,22900,88,34.8,6.4,17.8,790,47.3,5.7,9.7,0.57,2095,89.8,1,NA,9.7,39,13.05,11.3666666666667,32.5,15.6666666666667,-0.9,NA,66.5,11.1966666666667,615.1,94.1,NA,1990.7,NA,58.5,LK Ostprignitz-Ruppin,1902,1126,747,1436,1784,1226,2853,2851,2508,2957,4184,4858,1568,4556,5985,8044,49747,1162,2137,1265,898,1597,2053,1252,3097,3145,2728,3217,4350,5057,1762,4441,5732,5373,49331,1227
19,12069,18.1,7.845,33.4,56.4,8.7,0.66,85.1,68.3,19.1830208258125,11.405,2.8,43.5,8.6,26.0483333333333,7.53333333333333,93,78.8,44.6,83.5,255,6.5,3.6,6.9,543,21700,85.1,29.9,8.9,25.4,467.1,44.7,6,6.3,0.18,2225,87.2,4,NA,11.8,80,8.50333333333333,11.1466666666667,68.3,15.6333333333333,2,NA,62.4,8.02333333333333,898.9,91.8,NA,2139,NA,57.1,LK Potsdam-Mittelmark,5201,3082,1906,3007,3434,2878,5732,6778,6713,7621,10094,10295,4209,8312,11568,14895,108406,2681,5586,3169,2045,3653,3746,3044,5859,6688,6649,7756,10269,10545,4354,8546,11091,10539,106258,2719
20,12071,13.5,9.30333333333333,45.8,50,9.1,1.4,74.1,14.7,18.3325352702982,11.4166666666667,1.9,42.4,-4.4,20.3766666666667,8.97333333333333,96.7,76.1,45.3,82.3,119,8.1,2.5,10.6,526,35300,74.1,29.4,9.7,28.2,1113.6,42.5,4.1,10.3,0.3,2335,80.4,4,NA,8.1,71,10.1,9.38166666666667,14.7,15.6666666666667,-2.9,NA,98.7,8.83,731.5,91,NA,2096.5,NA,60.2,LK Spree-Neiße,2194,1251,778,1216,1681,1256,2840,3003,2841,3580,5017,6010,1829,5351,7707,10339,58160,1267,2397,1347,897,1517,1918,1420,2986,3458,2944,3850,5180,6087,1821,5412,6977,6793,56269,1265
21,12072,11.9,8.51666666666667,31.1,50.8,10.5,0.75,95.2,57.3,18.4067723641024,12.0058333333333,2.7,37.2,6.4,46.1016666666667,7.87083333333333,95.9,77.9,43.4,82.8,308,9.4,8.4,7.9,742,30300,95.2,28.1,9.8,27.9,971.9,44,6.6,7.3,0.11,2307,87.2,4,NA,11.4,77,10.3766666666667,9.23833333333333,57.3,15.7833333333333,1.2,NA,94.4,9.4175,782.7,91.4,NA,2269.8,NA,54.7,LK Teltow-Fläming,3628,2126,1333,2731,3357,2301,5391,5432,4869,5428,7446,7659,3048,6104,8940,12374,84454,2287,3898,2323,1551,3349,3759,2348,5636,5899,5074,5926,7833,7982,3141,6240,8320,8181,83842,2382
22,12073,13.6,11.1241666666667,62.2,57.9,11.6,2.25,83.3,17.9,21.0193442561894,17.04,2.3,32.3,-3,58.0483333333333,9.47,98.1,75.9,44.6,82.4,89,12.1,3,16,414,23900,83.3,33.4,6.5,14.7,891.7,51.9,4.5,15.4,0.41,2109,87.1,4,NA,9.1,39,12.1466666666667,10.1341666666667,17.9,15.0666666666667,-2.3,NA,64.7,11.125,603.9,94.2,NA,2014.5,NA,54.3,LK Uckermark,2410,1426,796,1551,2162,1414,3120,3132,3022,3531,5060,6097,1847,5402,7911,10729,60882,1272,2537,1483,969,1950,2258,1479,3396,3523,3063,3707,5110,6039,2020,5425,7221,7088,58670,1402
23,13003,13.4,3.89,73,64.2,24.3,-99,99.1,91,9.69808253358925,5.57166666666667,3.8,43.7,5.8,2.95833333333333,3.70833333333333,103.5,77.3,37.4,83.7,256,10.9,3.8,12.2,476,34900,99.1,25.5,39.9,28.8,1372.6,45.8,5.6,10.9,-1.02,2577,47.6,5,1.7,18.3,1126,4.685,5.265,91,4.8,1.2,99.1,56.9,4.01333333333333,2826.3,68.8,-1.28,2267.3,3.88333333333333,58.2,SK Rostock,3646,2088,2157,6908,7327,2687,8028,6501,4961,5174,6752,7522,3222,6950,11673,17572,105975,2807,3811,2191,2089,6707,8737,2696,9629,7824,5918,5719,7147,7354,3355,6234,9376,11204,102911,2920
24,13004,12.9,4.25,159.5,83.6,38.9,NA,99.1,105,7.96561074406166,4.29,4.2,NA,5.9,2.13666666666667,3.51333333333333,100.4,75.6,42.3,82.7,172,NA,2.9,12.1,523,35700,99.1,23.1,30.9,31.8,2381.9,45,6.5,11.2,NA,2620,36.7,4,2.2,16.6,706,4.925,4.995,105,5.65,0.9,99.1,NA,5.60166666666667,2282.1,76.1,-3.6,2286.3,4.06666666666667,56.9,SK Schwerin,1945,1161,890,2054,2592,1311,3336,2971,2514,2598,3423,3861,1637,3655,5942,8536,49764,1338,2047,1209,949,2349,2746,1381,3448,3285,2693,2847,3274,3487,1736,3245,4850,5157,46054,1351
25,13071,12.6,10.4416666666667,62.7,73,8.6,1.98,52.7,42.8,20.3898460263487,12.245,1.6,33.9,-2.3,35.9166666666667,9.44,96.3,76.6,43.6,83.1,64,12.6,2.1,14.2,416,23500,52.7,28.2,6.6,23.1,1651.2,48.7,4.9,13.2,0.55,2126,82.4,1,NA,11,48,12.0383333333333,10.7508333333333,42.8,11.5333333333333,-1.8,NA,77.4,10.2016666666667,730,94.6,NA,2018.3,NA,54.9,LK Mecklenburgische Seenplatte,5368,3086,1904,3659,4971,3148,7416,7481,6521,7401,10710,12896,4362,11905,16390,21825,132022,2979,5607,3444,2241,4218,5475,3410,8117,7987,7406,8015,10717,12811,4531,11617,14931,13512,127108,3069
26,13072,14.5,8.49833333333333,38.2,57.6,7.3,1.5,42.9,65.8,17.7241783644769,11.2983333333333,1.8,29.3,2.1,31.8,8.00333333333333,92.4,77.2,44.2,83.1,87,10.7,3.6,9.8,462,21900,42.9,24.3,8.3,27,1009.7,48.7,4.9,8.7,0.74,2043,86.1,1,NA,10.5,62,9.845,9.455,65.8,8.93333333333333,0,NA,63.5,8.31833333333333,746.4,93,NA,1889.4,NA,56.5,LK Rostock,4826,2670,1508,2570,3825,2939,6379,6654,5737,6639,9287,10662,3941,9259,12751,15661,108002,2694,4978,2922,1788,3174,3926,3090,6662,7347,6545,7035,9704,10948,4198,9209,12154,10598,107111,2833
27,13073,13.9,7.72,54.4,68,8.7,1.7,39.9,54.4,18.9432744225418,11.4066666666667,2.1,26.8,2.1,30.4716666666667,7.13,95.8,76.6,44,82.5,74,10.1,0.4,13.5,403,20700,39.9,25.5,8.6,21.2,1476,53.3,4.7,12.8,0.6,1993,84.9,1,NA,9.5,70,9.51,9.13833333333333,54.4,10.1333333333333,-0.6,NA,49.7,7.33833333333333,813.3,93,NA,1910.4,NA,56,LK Vorpommern-Rügen,4558,2515,1593,3295,4484,2700,6501,6686,5754,6501,9351,10982,3766,9929,14153,18908,114207,2531,4696,2703,1898,3962,4792,2765,7050,7175,6375,6933,9495,11114,4006,9591,12934,12422,110477,2566
28,13074,15.2,8.47833333333333,37.8,63.7,15.7,NA,38.9,46.2,16.9036753085324,9.21666666666667,2.2,NA,0.4,24.905,7.05166666666667,95.1,76.9,43.1,82.8,139,NA,4,10.6,430,20700,38.9,20.4,8.7,27.6,1355.8,52,5.5,9.3,NA,2287,84.9,4,NA,11,73,9.53333333333333,9.535,46.2,8.61666666666667,-0.4,NA,NA,6.66833333333333,843.8,93.2,NA,2024,NA,55.5,LK Nordwestmecklenburg,3319,2003,1206,2450,3271,2049,4937,4954,4181,4920,6545,7136,2790,6436,9177,11588,78830,1868,3514,2125,1421,2997,3562,2095,5210,5423,4701,5312,6840,7203,2931,6408,8651,7426,77899,2080
29,13075,13.6,9.11666666666667,95.8,67.7,11.7,1.97,61.3,35.1,19.6346163318229,12.015,3,30.6,-0.1,39.9816666666667,8.45666666666667,96.9,76,43.7,82.3,81,12.2,1.3,14,368,20700,61.3,32.7,8.1,25.9,1944.5,41.5,5,13.6,0.56,2060,82.9,1,NA,12.3,61,10.2925,10.0733333333333,35.1,9.66666666666667,-1.4,NA,64.9,8.74,748.6,93.1,NA,1932.1,NA,57,LK Vorpommern-Greifswald,4692,2670,1985,4931,5796,2845,7506,6873,5903,6503,9135,11227,3966,10330,14284,19323,120816,2847,5027,2901,1993,4700,6062,3022,7809,7459,6460,7130,9244,11255,4097,10121,13491,12224,115881,2886
30,13076,15.9,9.06666666666667,44.4,61.1,11.7,1.69,23.4,37.5,18.8883212158106,10.3683333333333,3,30.3,1,39.225,8.27333333333333,92.2,76.6,44.6,82.4,90,12.1,5.2,9,472,20500,23.4,26.5,7.4,26.5,1116.4,47,5.3,8.4,0.77,2088,87.7,1,NA,7.8,45,10.605,10.44,37.5,10.1,-0.4,NA,64.4,9.14666666666667,604.4,93.9,NA,1898.7,NA,53.4,LK Ludwigslust-Parchim,4413,2631,1442,2811,4077,2774,6193,6267,5467,6661,9128,10597,3652,9372,12495,15798,106420,2642,4559,2819,1828,3562,4590,2830,6841,7030,6445,7234,9500,10813,3819,9511,11978,10122,106198,2717
31,14511,13.4,2.99666666666667,95.6,64.1,15.5,-99,83.5,49.5,6.98170532524911,3.875,4.6,32.1,7.7,1.53416666666667,3.35333333333333,94.9,77.5,41.5,83.2,485,11.9,8.5,11,523,32100,83.5,26.5,44.4,34.9,876.1,38.6,5.1,9.9,-1.06,2421,53.8,5,17.1,18.5,1103,3.70333333333333,3.92916666666667,49.5,6.78333333333333,1.2,83.5,67.2,2.905,2482.4,65,-4.88,2157.6,2.56666666666667,48.2,SK Chemnitz,4696,2680,2046,5208,6736,3220,8131,7276,5978,6487,8115,8619,4044,8541,17187,22617,124989,3408,4943,2860,2200,6268,8874,3355,9785,8632,7001,7474,8285,8437,4313,7403,14185,14652,122248,3581
32,14521,13.8,4.34666666666667,59.3,62.9,4.5,1.79,66.2,34.7,12.4120737257804,7.185,1.5,23.8,-3.5,31.6433333333333,4.33666666666667,94,77.2,40.3,83.4,267,7.7,8.6,9.4,360,20400,66.2,33.6,12,25.9,693.1,40.5,4,7.9,0.22,1962,85.1,4,NA,9.8,191,5.16166666666667,5.74166666666667,34.7,7.9,-2.7,NA,136.3,4.45333333333333,1589.4,89,NA,1845.7,NA,43.9,LK Erzgebirgskreis,7118,4121,2428,4377,5473,4189,8610,9522,8805,10131,12399,14230,5757,14665,25557,31124,172478,3972,7688,4305,2800,5186,6316,4379,9466,10595,9987,11353,12617,14043,6026,13739,23554,19092,165218,4072
33,14522,12.6,5.33666666666667,46.1,56.3,4.9,1.19,45.4,49,12.2611806958227,7.29666666666667,1.9,28.7,-2.8,28.835,5.55333333333333,96.8,77.7,42.1,83.8,271,9.4,10,9,448,23900,45.4,30.3,10.9,31.1,515.2,38.5,3.9,7.9,0.22,2038,87,4,NA,12.5,148,6.64833333333333,6.50666666666667,49,8.03333333333333,-2.3,NA,94.1,5.43666666666667,1357.4,89.9,NA,1983.9,NA,52.2,LK Mittelsachsen,6142,3704,2147,4297,5607,3823,8182,8292,7729,9135,11819,13135,5234,12292,20672,28046,153875,3619,6566,3848,2621,5659,7064,4039,9489,9871,8956,10288,12438,13070,5474,11965,18782,18337,152310,3843
34,14523,13,5.11333333333333,73.1,64.5,5.6,1.45,70.3,36.7,12.2287821200525,8.23833333333333,1.7,29,-1.8,15.5908333333333,5.9,95.4,76.8,44.7,82.9,207,7.2,8.6,9,419,22400,70.3,29.5,11.1,37.6,923.1,32.9,4.4,7.7,0.3,2031,85.9,4,NA,11.1,165,6.45666666666667,5.975,36.7,10.0833333333333,-2.5,NA,101.3,5.36166666666667,1485.2,89.9,NA,1941.7,NA,46.9,LK Vogtlandkreis,4365,2613,1606,3079,3995,2598,5852,6131,5647,6920,8913,9770,3533,9558,16937,22653,116741,2571,4830,2828,1935,3717,4488,2796,6554,6843,6365,7757,9064,9856,3799,8886,14496,14174,111055,2667
35,14524,13.2,3.9775,63.5,61.5,5.5,1.49,83.1,31.1,8.68777155087094,5.91,1.8,31.8,-1.9,11.44,4.42,95.8,77.2,42.5,83.2,343,9.6,16.9,9,485,27100,83.1,29.9,17.5,32.5,639.1,37.6,4.2,7.6,-0.12,2284,79.6,4,NA,11.5,343,5.04916666666667,4.91166666666667,31.1,6.8,-2.4,NA,128.3,4.18666666666667,1957.3,84,NA,2110.8,NA,48.7,LK Zwickau,6366,3780,2371,4605,6019,3872,8533,8667,7810,9663,12444,13388,5025,12685,22932,30720,162553,3673,6468,3966,2725,5695,6631,4085,9446,9776,8736,10672,12770,13598,5419,11995,19780,19261,154978,3955
36,14612,12.1,2.77666666666667,68.7,57.6,14.8,-99,96.6,152.8,6.33588912470255,3.74,4.7,37.3,9.7,1.57666666666667,2.98333333333333,100.7,79.8,37.6,84.9,740,8.5,7.9,9.5,538,34300,96.6,24.5,41,35.4,0,40.2,5.6,8.4,-1.64,2782,55.1,5,2.5,25.4,1634,3.36333333333333,3.67833333333333,152.8,5.6,3.6,96.6,115.5,2.86333333333333,3983.2,64.6,1.98,2369.5,2.56666666666667,53.6,SK Dresden,11289,6007,5289,16358,19953,8525,22356,19505,15980,14981,16686,16844,10515,14724,28406,41584,277920,8918,11957,6303,5848,18485,23546,9091,25469,21875,17438,16686,17934,16784,11062,13587,22779,28429,276729,9456
37,14625,13.4,5.515,57.5,64.9,4.9,1.21,69.3,-99,13.0141293197368,8.69166666666667,1.3,29.2,-3.3,14.4966666666667,5.89,96.8,77.2,41.7,83.9,207,8.5,7.2,10,436,23100,69.3,28.4,10.5,26.7,638.4,44.9,4.1,8.8,0.36,2078,80.9,4,NA,12.1,128,7.69666666666667,7.67166666666667,-99,8.95,-2.2,NA,51.3,5.585,1218.6,90.4,NA,1974.9,NA,52.6,LK Bautzen,6522,3709,2151,3482,4926,3982,8025,8531,7939,8995,11917,13695,5439,12556,19009,27726,152378,3774,6825,3989,2483,4303,5522,4246,8745,9719,9169,10269,12223,13684,5630,12183,17439,18142,148502,3931
38,14626,13.2,6.06,74.5,62.6,6.4,1.8,29.8,11.9,14.5993074771639,11.9816666666667,2.4,23.4,-3.3,27.6183333333333,6.585,95.7,76.8,45.6,82.7,154,10.7,5,12.7,377,24700,29.8,30.1,12.7,27.9,883.7,42,4.2,11.8,0.36,2000,79.8,4,NA,12.4,124,7.82,7.59333333333333,11.9,10.35,-2.8,NA,72.6,6.67833333333333,974.2,88.8,NA,1933.3,NA,47,LK Görlitz,5365,3012,1874,3827,4238,3124,6521,6510,6228,7287,9884,11441,4250,10597,17617,25244,129989,2970,5511,3155,2109,4127,4730,3299,7141,7562,6990,8138,10311,11620,4368,10417,15986,16449,124905,2992
39,14627,12,5.82166666666667,49.5,65.2,7,1.29,30,24,12.2778162045409,7.42333333333333,1.7,26.5,0.2,28.6716666666667,5.80416666666667,98.3,78.1,42.6,84,271,8.4,9.5,9.8,465,24600,30,31.1,12.3,26.8,863.6,42.2,4.7,9.1,0.17,2209,84.3,4,NA,12.7,168,8.37166666666667,7.40916666666667,24,7.63333333333333,-1,NA,128.9,5.74833333333333,1359.1,88.8,NA,2093,NA,53.4,LK Meißen,5430,3080,1760,2972,4023,3222,6468,7095,6556,7440,9507,10621,4240,9548,15334,22540,122861,3025,5471,3278,2038,3499,4364,3338,7158,7968,7452,8363,10203,10664,4759,9238,13654,14881,119304,2976
40,14628,13,5.54833333333333,52.6,58.5,5.3,1.17,43.1,-99,14.9781533074141,9.24,1.8,26,2.6,24.5466666666667,6.07166666666667,94.6,78.4,41.2,84.1,308,9.5,8.4,9.1,418,20400,43.1,28.9,9.4,32.6,643,38.4,4.5,7.9,0.19,2065,88.3,4,NA,12.6,149,7.625,7.68166666666667,-99,10.65,-0.1,NA,90.7,6.18166666666667,1578.5,91.3,NA,1946,NA,51.7,LK Sächsische Schweiz-Osterzgebirge,5504,3101,1808,3046,4359,3250,7000,7284,6902,7538,9376,10194,4603,9187,15955,22130,124392,3155,5841,3337,2116,3730,4414,3647,7311,7696,7684,8487,10057,10471,4807,8910,14326,14983,121219,3402
41,14713,16,2.80833333333333,73.5,63.4,20.8,-99,96.6,119.4,5.73257018553393,3.41666666666667,6.1,34.9,20.3,1.585,2.775,96.2,77.7,41.4,83.3,754,13.4,5.8,12,508,33800,96.6,28.7,52.5,34.2,1229.6,37.1,5.7,10.2,-1.85,2549,41.7,5,5.6,21.4,1831,3.10166666666667,3.58333333333333,119.4,4.95,6.8,96.6,87.4,2.675,3484.3,58.5,0.02,2227.5,2.6,47.4,SK Leipzig,11154,5810,6027,21091,25347,8747,27197,21811,16326,15204,17408,17388,10347,15650,28454,41792,299304,9551,11579,6136,5385,18166,25790,9512,29636,24706,18463,17730,18827,17546,10801,14128,23137,26828,288553,10183
42,14729,13.9,5.34083333333333,43.6,62.1,6.4,1.57,38,50.9,10.9350991235392,7.15,1.4,25.7,0,22.6841666666667,5.3,97.3,77.6,44,83.5,331,8.3,6,9.8,452,23500,38,27.9,13.4,30.7,838.6,41.4,4.7,7.9,0.15,2049,76.5,4,NA,10.7,156,6.46666666666667,6.06833333333333,50.9,6.6,-1.3,NA,121.5,5.41333333333333,1164.2,88.7,NA,1987.1,NA,56.9,LK Leipzig,5584,3146,1945,3156,4434,3393,7184,7650,7183,8535,10777,11553,4474,10336,16738,22072,131383,3223,5899,3404,2113,3750,4544,3545,7354,8093,7884,9074,11349,11838,4912,9988,14915,14367,126380,3351
43,15001,9.8,4.43333333333333,114,60.2,14.6,NA,85.5,49,10.5085386237724,6.03166666666667,3,NA,-2.7,2.05,4.53666666666667,95.6,76.6,45.6,81.4,213,NA,7.5,12.3,451,27300,85.5,27.8,20.9,40.2,596.4,32,4.6,11.6,NA,2427,75.6,4,0.7,13.8,339,5.21333333333333,5.76166666666667,49,6.48333333333333,-2.8,85.5,NA,6.23833333333333,1627.5,86,-7.88,2184.7,4.31666666666667,59.2,SK Dessau-Roßlau,1386,821,492,1258,1763,891,2160,2126,1868,2362,3220,3476,1182,3256,6138,8481,41780,900,1567,919,636,1359,1825,938,2337,2366,2063,2449,3271,3510,1291,3090,5024,5854,39457,958
44,15002,15.2,2.5525,127.7,68.4,16.3,-99,83.9,79.8,6.23021391867739,3.86166666666667,5,36.5,6,1.58,2.6125,96.1,76.6,40.6,82.2,456,11.6,1.8,12.4,396,27100,83.9,30.4,53.1,29,1941.1,40.6,6,11.9,-1.53,2621,42.7,5,-0.7,20.1,1722,3.17,3.37666666666667,79.8,4.99166666666667,0.9,83.9,98.1,2.81666666666667,3243.7,61.8,-3.35,2174.7,2.46666666666667,52.8,SK Halle,4788,2565,2667,8736,8357,3240,8549,7259,5937,6715,7657,7905,4160,7587,14885,19115,123544,3422,5041,2845,2520,7774,8887,3379,9291,8118,6594,7301,7912,7555,4370,6586,11520,12232,115713,3788
45,15003,12.4,3.94166666666667,100.6,65,17.8,-99,89,92.3,7.67298862369515,4.14666666666667,4.9,37.1,7,1.85166666666667,3.40833333333333,95.5,76.8,41.5,83.1,357,10.9,4.3,11.8,519,31900,89,20,45.6,40.1,793.6,39.9,6.3,11.4,-1,2543,47,5,-0.9,17.1,1156,4.18833333333333,5.175,92.3,6.25,1.5,89,115.2,3.57666666666667,2533.1,66.9,-2.73,2172.7,3.23333333333333,57.2,SK Magdeburg,4526,2409,2107,6947,7893,3098,8483,7103,5759,6674,8055,8672,3945,7769,14504,19572,120869,3353,4787,2721,2428,8292,9501,3410,10016,8145,6359,7080,8208,8362,4148,6992,11393,12418,117828,3568
46,15081,14.9,8.68666666666667,50,48.8,9.1,2.14,44.8,18.2,19.8553797905072,12.3666666666667,2.3,25,-2.5,50.2133333333333,8.16333333333333,94.1,75.2,47.3,81.3,84,13,2.4,9.7,454,21900,44.8,22.9,7.1,33.3,1100.5,43.9,5.2,8.7,0.94,2046,91.4,1,NA,8.4,38,10.595,13.5316666666667,18.2,10.6666666666667,-1.8,NA,94.5,10.1766666666667,532,94.4,NA,1945.6,NA,55.4,LK Altmarkkreis Salzwedel,1711,1045,601,1238,1595,1125,2359,2325,2056,2555,3678,4136,1428,3541,4918,6712,42017,994,1897,1120,745,1461,1802,1136,2676,2728,2362,2905,3788,4314,1475,3674,4448,4158,41748,1059
47,15082,10.8,6.07,53.9,66,8.8,1.97,30.8,18.5,13.5396807156787,9.865,2.2,27.9,-4.6,21.1283333333333,6.23416666666667,95.6,75.6,44.8,81.8,202,11.5,11.1,11.8,450,25100,30.8,29.5,12.2,25.7,2101,44.8,4.8,10.8,0.28,2108,83.8,4,NA,10.6,114,7.6525,7.64166666666667,18.5,8.98333333333333,-3.4,NA,91.8,7.4525,931.2,91.2,NA,2061.9,NA,57.5,LK Anhalt-Bitterfeld,3004,1746,1109,2260,2862,1831,4342,4274,3913,5124,6675,7590,2394,7044,10909,14688,81528,1763,3044,1932,1400,2812,3324,1867,4691,4963,4514,5585,6759,7497,2581,6758,9553,9221,78326,1825
48,15083,11.7,6.15833333333333,37.1,57.9,7.8,1.25,33.4,28.1,15.5285135095323,8.93,1.8,24.3,-1.4,24.9858333333333,6.45666666666667,97,76.2,46.5,82.7,174,8.7,10.4,8.4,637,25800,33.4,20.7,9.7,33.5,616.8,45.8,5.2,7.8,0.74,2300,88.1,1,NA,8.7,73,6.96666666666667,9.59083333333333,28.1,9.06666666666667,-1.4,NA,108.2,7.38333333333333,749.2,92.2,NA,2121.8,NA,63.1,LK Börde,3596,1987,1232,2184,3363,2299,5134,5240,4593,5734,7255,8221,2966,7298,10303,12564,86074,2105,3901,2200,1513,2879,3622,2341,5483,5899,5145,6264,7759,8386,3068,7277,9821,7945,85660,2157
49,15084,12.2,5.47,58.5,66.3,7.6,1.81,38.5,33.6,12.859066532435,8.12333333333333,3,32.1,-1.8,27.6908333333333,5.8,98.2,76.6,44.2,82.8,255,11.7,3.1,12.9,432,21800,38.5,23,13.4,29.5,1240.6,47.4,4.4,11.1,0.31,2209,83,4,NA,9.6,130,6.42,7.36083333333333,33.6,9.5,-2.2,NA,79.1,5.71166666666667,972.5,90.1,NA,2042,NA,59.2,LK Burgenlandkreis,3390,1950,1146,2399,3284,2109,4894,4989,4246,5409,7461,8200,2690,7708,11944,16988,90837,2030,3658,2131,1458,3085,4009,2253,5623,5766,5041,6170,7896,8371,2926,7477,10617,10674,89353,2198
50,15085,13.8,5.68166666666667,74.8,58.3,7.5,1.71,69.7,40.4,15.9850868199597,8.355,1.8,27.7,-2.3,46.3066666666667,5.70666666666667,96.8,75.8,46,82,169,8,7.1,9.8,414,21200,69.7,23.8,9.8,31.2,1982.4,45,5,8.3,0.56,2232,88.5,1,NA,9.5,104,6.54666666666667,6.90416666666667,40.4,8.46666666666667,-2.5,NA,102.8,6.27333333333333,1059.8,92.3,NA,1994.4,NA,58.2,LK Harz,4022,2457,1509,3134,3972,2385,5770,6026,5255,6705,8868,9968,3236,9052,15152,19495,109345,2339,4378,2727,1864,3648,4592,2633,6489,6555,5782,7288,9128,9881,3399,8764,13256,12352,105101,2365
51,15086,13.2,8.2,82.8,51.4,5.6,2.07,30.8,27.4,17.7890588953045,9.06083333333333,1.8,22.4,-1.5,27.7616666666667,7.51833333333333,94.8,75.8,47.4,81.2,138,12.3,4.1,10.2,439,23100,30.8,20.7,8.6,36.2,976.2,43.1,4.8,9.8,0.76,2157,88.9,1,NA,8.2,58,10.0891666666667,10.4583333333333,27.4,9.4,-2,NA,85.8,9.305,673.6,93.4,NA,2037.1,NA,62.9,LK Jerichower Land,1769,1065,592,1090,1559,1155,2387,2469,2313,2840,3849,4447,1508,3895,5624,7506,45147,1079,1859,1154,793,1413,1764,1203,2777,2902,2629,3155,3991,4607,1469,3901,5229,4805,44781,1130
52,15087,12.7,6.15166666666667,54.9,59.1,7.7,2.5,50.6,19.6,14.2179459540022,9.41166666666667,1.8,22,-4,42.2783333333333,7.035,94.7,76.2,44.5,82.1,167,15.5,3.4,14.6,342,18300,50.6,23.7,11.5,24.2,1959.4,52.1,4.6,13.8,0.65,2083,86.4,1,NA,8.3,98,6.64666666666667,7.41166666666667,19.6,9.46666666666667,-3.1,NA,96.1,5.84333333333333,853.8,91.5,NA,1892.3,NA,57.2,LK Mansfeld-Südharz,2535,1557,905,1608,2307,1477,3401,3531,3217,4260,5597,6451,2045,6052,9884,13035,69257,1395,2669,1642,1184,2106,2589,1589,3874,4002,3714,4579,5783,6527,2146,6008,8842,8349,66992,1389
53,15088,11.6,5.07833333333333,34.8,52,7.7,1.3,52.9,30.1,12.4213666491282,8.71333333333333,2,22.9,-2.9,17.4033333333333,5.28333333333333,95.5,76.4,44.9,82.9,299,9.3,8.6,10.3,599,29500,52.9,29.5,15.3,19.4,1160.1,51.1,5.4,9.5,0.33,2336,80.3,4,NA,9.8,130,6.74,6.66666666666667,30.1,8.3,-2.2,NA,79.1,6.41333333333333,852.1,88.1,NA,2174.3,NA,57.8,LK Saalekreis,3765,2152,1268,2543,3352,2301,5227,5559,4812,6283,7714,8352,3151,7849,12179,14428,93221,2286,4089,2355,1515,3126,3774,2379,5395,6200,5459,6812,8095,8501,3357,7413,11195,9432,91361,2264
54,15089,12.3,5.61333333333333,74.4,61.5,8.6,2.13,59.6,23,12.9221610046141,7.69833333333333,1.7,22.8,-4,29.8183333333333,5.42666666666667,97.2,74.9,45.2,81.5,201,12.1,7.8,12.2,407,22200,59.6,22.5,13.7,37.8,2196.7,39.7,5.3,12,0.38,2250,82.2,4,NA,9.6,138,6.71166666666667,7.15833333333333,23,8.81666666666667,-3.5,NA,73.8,5.875,1009.5,89.6,NA,1965.1,NA,61.1,LK Salzlandkreis,3651,2152,1341,2836,3596,2205,5078,5091,4539,5946,8035,9042,2915,8082,13183,17631,97412,2089,3920,2276,1627,3441,4084,2340,5668,5805,5084,6701,8183,8788,2974,7707,11401,10913,93148,2236
55,15091,12.4,6.26833333333333,48.2,64.5,8.7,1.84,51.7,28.9,17.8502747301434,13.0966666666667,1.9,24,-2.5,40.615,7.13333333333333,98.1,75.9,45.9,81.9,136,10,8,11.1,480,22900,51.7,28.5,8.6,25.4,1369.5,46.1,4.3,10.5,0.73,2088,88.6,1,NA,8.7,67,8.805,9.81833333333333,28.9,9.93333333333333,-2.6,NA,90.6,8.63833333333333,773.2,93.6,NA,1996.1,NA,60.5,LK Wittenberg,2385,1392,797,1573,2192,1418,3279,3185,2981,3908,5354,6022,1904,5647,8570,11949,63907,1351,2467,1568,1049,1961,2602,1458,3689,3732,3247,4322,5577,6014,2078,5332,7825,7560,61933,1452
56,16051,14.5,3.675,80.7,63,19.4,-99,94.6,143.8,9.16376224377884,5.21,4.1,40.6,7.6,1.635,4.21666666666667,96.8,77.8,38.8,82.9,348,8.3,3.8,9.4,520,37100,94.6,18.4,27.8,34.3,471.6,47.3,5.4,8.2,-0.77,2516,69,5,7.2,17.2,764,5.44666666666667,7.585,143.8,9.23333333333333,2.1,94.6,78.6,5.27666666666667,2750.2,75.4,-0.85,2249.8,4.05,45.5,SK Erfurt,4313,2415,2105,6682,7157,3010,8123,7093,5772,6178,7567,7867,3719,7308,12248,15027,109779,3195,4462,2478,1954,5696,7159,3131,9003,7812,6371,6801,7466,7786,3883,6583,10214,9936,103920,3185
57,16052,12,4.95,101.9,72,10.1,NA,83.2,62.7,8.67080471991701,6.8275,2.2,NA,1.9,1.605,5.5925,97.4,76.3,43.9,82,302,NA,5.1,12.2,427,26000,83.2,38.9,23.7,28.6,1132.1,32.5,4.7,11.2,NA,2212,74.8,4,11.7,11.4,621,6.08666666666667,5.84333333333333,62.7,7.51666666666667,-1.3,83.2,NA,5.19583333333333,2620.9,79.8,-6.58,2061,4.61666666666667,55.5,SK Gera,1740,1021,718,1516,2202,1122,2739,2607,2094,2541,3499,4114,1513,4142,6758,9137,48635,1172,1853,1047,792,1766,2181,1253,3068,2864,2503,2800,3453,4064,1586,3695,5674,5707,45517,1211
58,16053,14,5.68166666666667,133.5,59.1,14.7,-99,98.1,172.6,8.27033893369176,5.525,5.8,55.6,3.5,2.1475,4.14666666666667,97.7,79,38.3,84,282,4.4,12.4,7.1,586,36900,98.1,29.1,24.3,37,688.3,33.9,4.7,7,-0.9,2819,72,5,3.5,30.2,943,5.15333333333333,5.755,172.6,7.15833333333333,1.7,98.1,49.2,4.60583333333333,3886.6,78.6,1.33,2438.4,4.26666666666667,55.5,SK Jena,2162,1196,1057,4422,4762,1562,4660,3746,2831,2764,3176,3178,1937,3147,5693,7835,55742,1614,2292,1246,1121,4196,5512,1671,5708,4421,3130,3143,3387,3149,2032,2780,4771,5402,55665,1704
59,16054,17.4,4.89333333333333,164.9,66.3,6.5,NA,92.4,28.8,9.7721467704729,6.50583333333333,4.9,NA,-0.1,40.2208333333333,5.23666666666667,92.8,75,41.5,79.6,178,NA,8.6,8,539,28500,92.4,27.7,19.2,23.2,4947.6,49.1,4.2,7.1,NA,2323,80,1,15.6,13.2,352,5.33416666666667,8.175,28.8,8.50833333333333,-1,92.4,NA,4.95333333333333,1828.2,82.3,-6.45,2126.1,6.925,54.7,SK Suhl,556,314,216,518,741,386,806,801,767,1025,1386,1599,454,1579,3008,3372,17875,347,587,381,319,725,746,425,985,956,834,1089,1353,1491,491,1371,2503,2349,16960,355
60,16055,14.5,3.83416666666667,87.4,72.5,16.4,NA,89.7,123.8,6.78337715194611,4.83166666666667,5.5,NA,2.7,18.6316666666667,3.32666666666667,99.7,77.6,39.6,82.3,263,NA,4,9.5,421,29100,89.7,36.4,26.7,29.6,1341.3,34,5,8.5,NA,2638,68.5,4,1.8,22.4,751,4.86,4.77166666666667,123.8,5.83333333333333,0.9,89.7,NA,4.40583333333333,2818.3,76.4,-0.68,2185,3.41666666666667,54.1,SK Weimar,1342,761,609,1853,2232,938,2305,2185,1791,1928,2264,2372,1172,2107,3694,4970,33435,912,1484,842,670,1802,2255,946,2526,2299,1944,1998,2230,2263,1262,1877,3123,3158,31655,976
61,16056,11,4.49,96.5,76.4,14.4,NA,84.8,38.8,8.12182937116564,4.32,3.9,NA,5.8,44.5191666666667,4.30666666666667,95.2,74.3,41.6,80.2,181,NA,23.2,9.4,492,38300,84.8,21,18.3,33.3,1502.8,45.7,7.3,8.5,NA,2528,79,1,3.8,9.4,402,5.38166666666667,5.38833333333333,38.8,6.9,0.4,84.8,NA,4.66916666666667,2197.6,83.2,-5.43,2210.3,4.75833333333333,50.1,SK Eisenach,836,502,317,714,1023,514,1334,1315,1099,1313,1542,1805,656,1536,2597,3851,21496,542,956,544,405,915,1151,587,1446,1465,1221,1480,1642,1776,759,1420,2137,2380,20874,590
62,16061,13.1,5.13666666666667,44.2,64.5,6.1,0.51,92.5,41.3,12.2038770993973,10.2716666666667,1.5,36,-3.2,39.2541666666667,5.08166666666667,98.9,78.3,42.1,83.2,167,5.7,7.9,6.7,410,22200,92.5,21.2,9.2,19.7,1264.8,59.1,4.9,5.6,0.74,2123,89.1,1,NA,7.3,107,6.34666666666667,8.275,41.3,11.0833333333333,-1.2,NA,20.4,5.275,1158.9,91.4,NA,1926.9,NA,46.6,LK Eichsfeld,2251,1360,743,1517,2125,1467,3098,3206,2813,2996,3803,4230,1936,3963,5931,7133,50016,1444,2373,1412,894,1857,2311,1487,3350,3560,3238,3431,4030,4299,1971,3971,5791,4900,50364,1489
63,16062,12.4,5.58333333333333,119.2,63.5,6.1,1.62,70.7,29.2,14.8671591075241,8.62,2.3,24.9,-1.5,57.7333333333333,5.97,97.2,75.8,42.7,81.6,143,10.5,10,10.5,393,23000,70.7,18.8,10.2,29,1234,52.2,5.6,9.6,0.54,2269,86.1,1,NA,9.7,119,7.85333333333333,7.05166666666667,29.2,12.7,-1.9,NA,51.8,6.34833333333333,1162.5,90.6,NA,2043.2,NA,50.1,LK Nordhausen,1705,965,701,1704,1688,1045,2369,2320,1957,2634,3323,3700,1361,3339,5475,7072,42345,987,1809,1113,779,1850,1934,1133,2798,2596,2227,2749,3380,3693,1451,3357,4768,4772,41477,1068
64,16063,12.1,5.54333333333333,41.6,64.4,4.9,0.9,42.7,23.2,14.9982474641861,10.0591666666667,1.6,30.2,-2.3,49.1233333333333,6.04833333333333,96.5,77,43.7,82.4,156,7.5,16.5,6.3,498,23500,42.7,17.9,8.7,23.6,169.6,58.5,4.8,5.7,0.56,2244,88,1,NA,8.6,96,6.82166666666667,8.51,23.2,14.2,-1.8,NA,49.4,5.59333333333333,1109.3,91.8,NA,2168.5,NA,50.7,LK Wartburgkreis,2413,1500,885,1728,2275,1599,3463,3662,3264,3980,4874,5775,2055,5126,7808,9652,61500,1441,2630,1578,1015,2054,2653,1727,3814,4139,3638,4425,5070,5904,2251,5287,7303,6486,61525,1551
65,16064,12.9,4.87,116.6,65.4,8.2,1.79,92,25.8,13.5381305322711,11.3391666666667,1.4,32.3,-1.3,45.0075,6.0925,99,76.3,43.8,82.1,163,10.8,4.2,11.2,380,21500,92,20.4,8.6,27,1199.3,52.6,4.5,10.1,0.57,2044,88.3,1,NA,9,106,6.92666666666667,8.035,25.8,12.3666666666667,-1.7,NA,69.6,5.26166666666667,1236.4,92,NA,1932.8,NA,51.9,LK Unstrut-Hainich-Kreis,2243,1355,730,1547,2136,1363,2846,3057,2649,3215,4077,4659,1805,4235,6269,8290,51793,1317,2400,1397,893,1924,2264,1433,3257,3447,2959,3602,4202,4675,1902,4118,5907,5335,51119,1404
66,16065,13.5,5.72416666666667,67,66.1,5.4,2.2,72.6,20.9,15.2366924095762,7.79416666666667,1.5,27.8,-2.5,42.49,5.85583333333333,94.3,74.7,46.3,79.9,145,9,9.6,12.5,348,19200,72.6,20.5,8.4,21.5,1340.2,58,4.5,11,0.78,2182,89,1,NA,8.2,74,7.32833333333333,8.08916666666667,20.9,15.0166666666667,-2.9,NA,74.5,6.48333333333333,884.9,92.2,NA,2005.8,NA,53.4,LK Kyffhäuserkreis,1484,877,549,990,1350,823,1996,2026,1810,2317,3014,3589,1162,3378,5188,6370,37735,812,1599,993,658,1219,1554,949,2297,2278,2100,2532,3210,3555,1265,3259,4734,4174,37274,898
67,16066,14.9,4.965,68.4,64,4.3,1.45,76,23.7,14.6671597761937,8.77166666666667,1.8,25.7,-0.9,51.3766666666667,5.495,98.4,76.6,43.6,82.1,153,9.1,8.5,6.9,428,24400,76,23.9,9.3,23.1,472.8,53,5.2,5.9,0.62,2130,87.5,1,NA,9.8,103,8.01,9.19166666666667,23.7,13.75,-1.6,NA,83.2,5.81166666666667,1115.2,91.3,NA,1991.4,NA,54.5,LK Schmalkalden-Meiningen,2314,1355,897,1823,2244,1552,3365,3424,3074,3746,4941,5757,1879,5142,8021,10208,61161,1419,2450,1390,992,2431,2812,1614,4083,4121,3530,4263,4977,5724,2111,5111,7354,6758,61186,1465
68,16067,12.8,4.42666666666667,39,49.5,6.5,1.07,85.5,35.7,12.8182971322875,7.56166666666667,3.1,33.5,2.4,25.5183333333333,5.2725,96.7,77,42.5,82.3,203,6.4,7.8,8,436,24600,85.5,25,10.4,27.6,823.2,47.4,5.2,7.3,0.42,2229,87.4,4,NA,9.1,145,7.04916666666667,8.58666666666667,35.7,13.9833333333333,-0.4,NA,68.9,5.13,1396.9,90.5,NA,2067.4,NA,50.3,LK Gotha,2753,1710,1021,2178,2727,1758,3983,4035,3530,4354,5351,6055,2335,5338,8574,10566,67984,1716,2926,1816,1252,2733,3084,1809,4377,4628,4072,4901,5627,5981,2357,5335,7722,7105,67468,1743
69,16068,11.2,5.10833333333333,0,56.7,6.3,1.71,38.7,23.9,14.0101051613488,8.125,1.3,25.4,-1.3,22.7466666666667,5.86666666666667,97.9,75.3,43.4,81.2,192,9.9,13.6,10,446,20700,38.7,26.5,8.1,19.5,1363.8,54,7.3,8.7,0.71,2101,89.6,1,NA,7.4,87,6.39166666666667,7.32166666666667,23.9,14.5666666666667,-1.4,NA,68.3,5.72333333333333,1075.4,92.6,NA,1983.3,NA,56.6,LK Sömmerda,1456,837,495,968,1285,860,1974,2127,1891,2279,2827,3228,1213,3036,4570,5003,34893,844,1581,964,578,1163,1389,1001,2142,2375,2087,2659,2951,3239,1265,2876,4307,3221,34762,964
70,16071,13.1,5.32166666666667,136.5,56.3,6.3,0.98,59.4,30.9,12.1426532136786,7.535,1.9,35.3,-0.7,17.27,5.8,94.6,77.1,44.3,81.8,231,7.9,8.1,7.3,465,22300,59.4,16.5,9.5,27.3,792,56.2,4.7,6.5,0.28,2144,88.8,4,NA,9.9,102,7.67333333333333,9.29166666666667,30.9,10.9666666666667,-1,NA,68.8,5.53666666666667,1070.6,91.2,NA,2074.5,NA,56.7,LK Weimarer Land,1845,1063,597,1206,1480,1191,2390,2572,2292,2630,3423,3693,1632,3485,5163,5620,41302,1020,1929,1120,689,1380,1545,1172,2394,2719,2616,3011,3422,3728,1594,3390,5072,3755,40645,1109
71,16073,13,6.66,90.3,68.4,5.5,1.41,38.1,30.5,16.0782636363636,8.72333333333333,1.6,28,-2.1,44.8683333333333,6.55,97.5,75.9,43.2,82.5,168,9.4,9.3,8.6,433,24000,38.1,27.6,8,25.5,1267.5,46.9,5.1,8,0.52,2245,89.1,1,NA,11.1,106,6.76833333333333,8.08333333333333,30.5,14.15,-2.6,NA,76.6,6.68833333333333,1330,92.6,NA,2058.7,NA,54,LK Saalfeld-Rudolstadt,1947,1175,717,1368,1764,1213,2755,2806,2650,3275,4162,5005,1657,4557,7320,10421,53968,1176,2026,1285,826,1706,2150,1301,3197,3326,2842,3655,4450,5035,1697,4473,6732,6407,52388,1280
72,16074,12.1,6.05666666666667,79.1,54.8,4.8,1.05,52.8,35.1,12.1087516707401,8.31666666666667,2.5,26.9,-0.8,15.5666666666667,6.56666666666667,95.4,78.3,43.1,83.2,227,8.7,5.7,7.5,432,21400,52.8,23.6,8.6,24.3,369.9,52.1,3.9,6.8,0.58,2098,89.3,1,NA,10.3,103,7.15666666666667,8.17,35.1,10.0166666666667,-0.8,NA,68.8,6.77,1193.3,92,NA,2015.4,NA,58.6,LK Saale-Holzland-Kreis,1651,1028,628,1107,1432,1062,2384,2447,2191,2614,3411,3813,1448,3484,5541,6412,41691,1038,1756,1129,760,1477,1613,1149,2394,2802,2405,2885,3608,3929,1497,3419,5045,4469,41360,1023
73,16075,12,6.29666666666667,14.5,66.4,4.5,1.26,70.4,11.9,14.6396716254299,10.8016666666667,1.6,28.3,-3.8,31.5166666666667,6.26333333333333,96.2,76.4,44.1,82.1,159,5.8,9.1,7.6,437,26000,70.4,32.1,7.2,23.6,252.2,44.3,4.1,7,0.74,2047,89.5,1,NA,7.4,72,6.875,8.25333333333333,11.9,11.05,-2.8,NA,60.7,6.20666666666667,1001.8,93.3,NA,1923.5,NA,51.4,LK Saale-Orla-Kreis,1511,1007,570,1133,1407,1010,2120,2223,2073,2529,3246,3798,1349,3466,5418,6940,40749,949,1750,1020,719,1359,1607,1030,2432,2586,2364,2838,3382,3842,1400,3577,4872,4344,40119,997
74,16076,13.1,5.02083333333333,43.3,53.3,4.1,1.51,61.2,22,11.7339383829248,8.44,1.3,29.8,-4.2,14.3083333333333,5.81166666666667,98.2,77.3,44.7,82.4,240,7.5,7.6,9.1,396,19800,61.2,30.9,10.4,30.4,882,38.7,3.5,8.3,0.16,2033,87.2,4,NA,9,120,6.24833333333333,6.25333333333333,22,11.2833333333333,-3,NA,83.3,5.76333333333333,1147.8,90.4,NA,1948.6,NA,57.1,LK Greiz,1818,1153,595,1123,1449,1187,2362,2554,2358,3054,4069,4740,1522,4535,6891,9422,49833,1001,2064,1190,816,1482,1564,1257,2649,2968,2709,3226,4283,4683,1581,4465,6297,6032,48326,1060
75,16077,13.7,4.72333333333333,65.4,60.4,7.5,1.83,48.9,16.5,10.7314825635061,7.30166666666667,1.7,29.9,-4.1,23.2291666666667,5.87,99.9,76.9,44.7,82.4,305,6.3,10.9,12,368,19200,48.9,23.5,11.8,29.2,405.6,47.3,5.3,10.9,0.13,2001,84,4,NA,8.5,163,7.4475,6.44,16.5,10.1166666666667,-3.3,NA,107.2,4.69416666666667,1383.6,89.3,NA,1910.4,NA,53.4,LK Altenburger Land,1723,1029,590,1145,1418,1006,2270,2312,2096,2840,3657,3985,1427,3951,6706,8863,45980,962,1785,1091,742,1346,1608,1003,2413,2662,2440,3215,3871,4062,1382,3714,5963,5809,44138,1032
